{
    "epoch": 0.997979797979798,
    "num_input_tokens_seen": 6388096,
    "total_flos": 2.470129418816717e+16,
    "train_loss": 0.47427154118232884,
    "train_runtime": 4471.7623,
    "train_samples_per_second": 1.771,
    "train_steps_per_second": 0.055
}